KEGG Name|Compound|Secondary
cpd:C00001|H2O; Water|x
cpd:C00002|ATP; Adenosine 5'-triphosphate|x
cpd:C00003|NAD+; NAD; Nicotinamide adenine dinucleotide; DPN; Diphosphopyridine nucleotide; Nadide; beta-NAD+|
cpd:C00005|NADPH; TPNH; Reduced nicotinamide adenine dinucleotide phosphate|
cpd:C00006|NADP+; NADP; Nicotinamide adenine dinucleotide phosphate; beta-Nicotinamide adenine dinucleotide phosphate; TPN; Triphosphopyridine nucleotide; beta-NADP+|
cpd:C00008|ADP; Adenosine 5'-diphosphate|x
cpd:C00010|CoA; Coenzyme A; CoA-SH|
cpd:C00011|CO2; Carbon dioxide|x
cpd:C00014|Ammonia; NH3|x
cpd:C00015|UDP; Uridine 5'-diphosphate|x
cpd:C00018|Pyridoxal phosphate; Pyridoxal 5'-phosphate; Pyridoxal 5-phosphate; PLP|
cpd:C00019|S-Adenosyl-L-methionine; S-Adenosylmethionine; AdoMet; SAM|
cpd:C00020|AMP; Adenosine 5'-monophosphate; Adenylic acid; Adenylate; 5'-AMP; 5'-Adenylic acid; 5'-Adenosine monophosphate; Adenosine 5'-phosphate|x
cpd:C00022|Pyruvate; Pyruvic acid; 2-Oxopropanoate; 2-Oxopropanoic acid; Pyroracemic acid|
cpd:C00024|Acetyl-CoA; Acetyl coenzyme A|
cpd:C00025|L-Glutamate; L-Glutamic acid; L-Glutaminic acid; Glutamate|
cpd:C00026|2-Oxoglutarate; Oxoglutaric acid; 2-Ketoglutaric acid; alpha-Ketoglutaric acid|
cpd:C00029|UDP-glucose; UDPglucose; UDP-D-glucose; Uridine diphosphate glucose; UDP-alpha-D-glucose|
cpd:C00031|D-Glucose; Grape sugar; Dextrose; Glucose; D-Glucopyranose|
cpd:C00032|Heme; Haem; Protoheme; Heme B; Protoheme IX|
cpd:C00033|Acetate; Acetic acid; Ethanoic acid|
cpd:C00036|Oxaloacetate; Oxalacetic acid; Oxaloacetic acid; 2-Oxobutanedioic acid; 2-Oxosuccinic acid; keto-Oxaloacetate|
cpd:C00037|Glycine; Aminoacetic acid; Gly|
cpd:C00040|Acyl-CoA; Acyl coenzyme A|
cpd:C00041|L-Alanine; L-2-Aminopropionic acid; L-alpha-Alanine|
cpd:C00042|Succinate; Succinic acid; Butanedionic acid; Ethylenesuccinic acid|
cpd:C00043|UDP-N-acetyl-alpha-D-glucosamine; UDP-N-acetyl-D-glucosamine; UDP-N-acetylglucosamine|
cpd:C00047|L-Lysine; Lysine acid; 2,6-Diaminohexanoic acid|
cpd:C00048|Glyoxylate; Glyoxalate; Glyoxylic acid|
cpd:C00049|L-Aspartate; L-Aspartic acid; 2-Aminosuccinic acid; L-Asp|
cpd:C00051|Glutathione; 5-L-Glutamyl-L-cysteinylglycine; N-(N-gamma-L-Glutamyl-L-cysteinyl)glycine; gamma-L-Glutamyl-L-cysteinyl-glycine; GSH; Reduced glutathione|
cpd:C00052|UDP-alpha-D-galactose; UDP-D-galactose; UDP-galactose; UDP-D-galactopyranose; UDP-alpha-D-galactopyranose|
cpd:C00053|3'-Phosphoadenylyl sulfate; 3'-Phosphoadenosine 5'-phosphosulfate; 3'-Phospho-5'-adenylyl sulfate; PAPS|
cpd:C00054|Adenosine 3',5'-bisphosphate; PAP; 3'-Phosphoadenylate; Phosphoadenosine phosphate|
cpd:C00058|Formate; Methanoic acid; Formic acid|x
cpd:C00059|Sulfate; Sulfuric acid|x
cpd:C00062|L-Arginine; (S)-2-Amino-5-guanidinovaleric acid; L-Arg|
cpd:C00064|L-Glutamine; L-2-Aminoglutaramic acid|
cpd:C00065|L-Serine; L-2-Amino-3-hydroxypropionic acid; L-3-Hydroxy-alanine; Serine|
cpd:C00066|tRNA; tRNA(n); tRNA(n+1); transfer RNA|x
cpd:C00068|Thiamin diphosphate; Thiamine diphosphate; Thiamin pyrophosphate; TPP; ThPP|
cpd:C00072|Ascorbate; Ascorbic acid; L-Ascorbate; L-Ascorbic acid; Vitamin C|
cpd:C00073|L-Methionine; Methionine; L-2-Amino-4methylthiobutyric acid|
cpd:C00074|Phosphoenolpyruvate; Phosphoenolpyruvic acid; PEP|
cpd:C00077|L-Ornithine; (S)-2,5-Diaminovaleric acid; (S)-2,5-Diaminopentanoic acid; (S)-2,5-Diaminopentanoate|
cpd:C00079|L-Phenylalanine; (S)-alpha-Amino-beta-phenylpropionic acid|
cpd:C00082|L-Tyrosine; (S)-3-(p-Hydroxyphenyl)alanine; (S)-2-Amino-3-(p-hydroxyphenyl)propionic acid; Tyrosine|
cpd:C00083|Malonyl-CoA; Malonyl coenzyme A|
cpd:C00084|Acetaldehyde; Ethanal|
cpd:C00085|D-Fructose 6-phosphate; D-Fructose 6-phosphoric acid; Neuberg ester|
cpd:C00086|Urea; Carbamide|x
cpd:C00088|Nitrite|x
cpd:C00089|Sucrose; Cane sugar; Saccharose; 1-alpha-D-Glucopyranosyl-2-beta-D-fructofuranoside|
cpd:C00091|Succinyl-CoA; Succinyl coenzyme A|
cpd:C00092|D-Glucose 6-phosphate; Glucose 6-phosphate; Robison ester|
cpd:C00093|sn-Glycerol 3-phosphate; Glycerophosphoric acid; D-Glycerol 1-phosphate|
cpd:C00094|Sulfite; Sulfurous acid|x
cpd:C00095|D-Fructose; Levulose; Fruit sugar; D-arabino-Hexulose|
cpd:C00097|L-Cysteine; L-2-Amino-3-mercaptopropionic acid|
cpd:C00099|beta-Alanine; 3-Aminopropionic acid; 3-Aminopropanoate|
cpd:C00100|Propanoyl-CoA; Propionyl-CoA; Propionyl coenzyme A|
cpd:C00101|Tetrahydrofolate; 5,6,7,8-Tetrahydrofolate; Tetrahydrofolic acid; THF; (6S)-Tetrahydrofolate; (6S)-Tetrahydrofolic acid; (6S)-THFA|
cpd:C00103|D-Glucose 1-phosphate; alpha-D-Glucose 1-phosphate; Cori ester; D-Glucose alpha-1-phosphate|
cpd:C00105|UMP; Uridylic acid; Uridine monophosphate; Uridine 5'-monophosphate; 5'Uridylic acid|
cpd:C00108|Anthranilate; Anthranilic acid; o-Aminobenzoic acid; Vitamin L1; 2-Aminobenzoate|
cpd:C00109|2-Oxobutanoate; 2-Ketobutyric acid; 2-Oxobutyric acid; 2-Oxobutyrate; 2-Oxobutanoic acid; alpha-Ketobutyric acid; alpha-Ketobutyrate|
cpd:C00111|Glycerone phosphate; Dihydroxyacetone phosphate; 3-Hydroxy-2-oxopropyl phosphate|
cpd:C00114|Choline; Bilineurine|
cpd:C00116|Glycerol; Glycerin; 1,2,3-Trihydroxypropane; 1,2,3-Propanetriol|
cpd:C00117|D-Ribose 5-phosphate; Ribose 5-phosphate|
cpd:C00118|D-Glyceraldehyde 3-phosphate; (2R)-2-Hydroxy-3-(phosphonooxy)-propanal; Glyceraldehyde 3-phosphate|
cpd:C00119|5-Phospho-alpha-D-ribose 1-diphosphate; 5-Phosphoribosyl diphosphate; 5-Phosphoribosyl 1-pyrophosphate; PRPP|
cpd:C00120|Biotin; D-Biotin; Vitamin H; Coenzyme R|
cpd:C00122|Fumarate; Fumaric acid; trans-Butenedioic acid|
cpd:C00124|D-Galactose; D-Galactopyranose|
cpd:C00127|Glutathione disulfide; GSSG; Oxiglutatione; Oxidized glutathione|
cpd:C00128|CMP-N-acetylneuraminate; CMP-N-acetyl-beta-neuraminate|
cpd:C00129|Isopentenyl diphosphate; Delta3-Isopentenyl diphosphate; Delta3-Methyl-3-butenyl diphosphate|
cpd:C00130|IMP; Inosinic acid; Inosine monophosphate; Inosine 5'-monophosphate; Inosine 5'-phosphate; 5'-Inosinate; 5'-Inosinic acid; 5'-Inosine monophosphate; 5'-IMP|
cpd:C00132|Methanol; Methyl alcohol; CH3OH|
cpd:C00134|Putrescine; 1,4-Butanediamine; 1,4-Diaminobutane; Tetramethylenediamine; Butane-1,4-diamine|
cpd:C00135|L-Histidine; (S)-alpha-Amino-1H-imidazole-4-propionic acid|
cpd:C00136|Butanoyl-CoA; Butyryl-CoA|
cpd:C00137|myo-Inositol; D-myo-Inositol; 1D-myo-Inositol; L-myo-Inositol; 1L-myo-Inositol; meso-Inositol; Inositol; Dambose; Cyclohexitol; Meat sugar; Bios I|
cpd:C00140|N-Acetyl-D-glucosamine; N-Acetylchitosamine; 2-Acetamido-2-deoxy-D-glucose; GlcNAc|
cpd:C00141|3-Methyl-2-oxobutanoic acid; 3-Methyl-2-oxobutyric acid; 3-Methyl-2-oxobutanoate; 2-Oxo-3-methylbutanoate; 2-Oxoisovalerate; 2-Oxoisopentanoate; alpha-Ketovaline; 2-Ketovaline; 2-Keto-3-methylbutyric acid|
cpd:C00143|5,10-Methylenetetrahydrofolate; (6R)-5,10-Methylenetetrahydrofolate; 5,10-Methylene-THF|
cpd:C00147|Adenine; 6-Aminopurine|
cpd:C00149|(S)-Malate; L-Malate; L-Apple acid; L-Malic acid; L-2-Hydroxybutanedioic acid; Malate; Malic acid|
cpd:C00151|L-Amino acid; L-2-Amino acid|
cpd:C00154|Palmitoyl-CoA; Hexadecanoyl-CoA|
cpd:C00155|L-Homocysteine; L-2-Amino-4-mercaptobutyric acid; Homocysteine|
cpd:C00156|4-Hydroxybenzoate; Hydroxybenzoic acid; 4-Hydroxybenzoic acid; Hydroxybenzenecarboxylic acid|
cpd:C00157|Phosphatidylcholine; Lecithin; Phosphatidyl-N-trimethylethanolamine; 1,2-Diacyl-sn-glycero-3-phosphocholine; Choline phosphatide; 3-sn-Phosphatidylcholine|
cpd:C00158|Citrate; Citric acid; 2-Hydroxy-1,2,3-propanetricarboxylic acid; 2-Hydroxytricarballylic acid|
cpd:C00159|D-Mannose; Mannose; Seminose; Carubinose; D-Mannopyranose|
cpd:C00162|Fatty acid|
cpd:C00163|Propanoate; Propionate; Propanoic acid; Propionic acid|
cpd:C00164|Acetoacetate; 3-Oxobutanoic acid; beta-Ketobutyric acid; Acetoacetic acid|
cpd:C00166|Phenylpyruvate; Phenylpyruvic acid; alpha-Ketohydrocinnamic acid; keto-Phenylpyruvate; 3-Phenyl-2-oxopropanoate; 2-Oxo-3-phenylpropanoate|
cpd:C00168|Hydroxypyruvate; Hydroxypyruvic acid; 3-Hydroxypyruvate; 3-Hydroxypyruvic acid|
cpd:C00169|Carbamoyl phosphate|
cpd:C00170|5'-Methylthioadenosine; Methylthioadenosine; S-Methyl-5'-thioadenosine; 5-Methylthioadenosine; 5'-Deoxy-5'-(methylthio)adenosine; Thiomethyladenosine; MTA|
cpd:C00173|Acyl-[acyl-carrier protein]|
cpd:C00178|Thymine; 5-Methyluracil|
cpd:C00179|Agmatine; (4-Aminobutyl) guanidine|
cpd:C00180|Benzoate; Benzoic acid; Benzenecarboxylic acid; Phenylformic acid; Dracylic acid|
cpd:C00183|L-Valine; 2-Amino-3-methylbutyric acid|
cpd:C00185|Cellobiose; 1-beta-D-Glucopyranosyl-4-D-glucopyranose|
cpd:C00189|Ethanolamine; Aminoethanol; 2-Hydroxyethylamine|
cpd:C00190|UDP-D-xylose; UDP-xylose; UDP-alpha-D-xylose|
cpd:C00194|Cobamide coenzyme; Adenosylcobalamin; Adenosylcob(III)alamin; Deoxyadenosylcobalamin; Cobamamide; Vitamin B12 coenzyme; 5,6-Dimethylbenzimidazolyl-5-deoxyadenosyl-cobamide; (5'-Deoxy-5'-adenosyl)cobamide coenzyme; (5,6-Dimethylbenzimidazolyl)cobamide coenzyme; alpha-(5,6-Dimethylbenzimidazolyl)cobamide coenzyme; 5'-Deoxy-5'-adenosylcobalamin; 5'-Deoxy-5'-adenosyl vitamin B12; 5'-Deoxy-5'-adenosyl-5,6-dimethylbenzimidazolylcobamide; 5,6-Dimethylbenzimidazolyl-Co-5'-deoxy-5'-adenosylcobamide; Calomide; Cobalamin coenzyme; Coenzyme B12; DMBC coenzyme; Dibencozide; Funacomide|
cpd:C00197|3-Phospho-D-glycerate; D-Glycerate 3-phosphate; 3-Phospho-(R)-glycerate; 3-Phosphoglycerate|
cpd:C00199|D-Ribulose 5-phosphate|
cpd:C00204|2-Dehydro-3-deoxy-D-gluconate; 2-Keto-3-deoxy-D-gluconate|
cpd:C00208|Maltose; Malt sugar; alpha-D-Glucopyranosyl-(1-&gt;4)-D-glucopyranose|
cpd:C00209|Oxalate; Oxalic acid; Ethanedioic acid|
cpd:C00213|Sarcosine; N-Methylglycine|
cpd:C00214|Thymidine; Deoxythymidine|
cpd:C00217|D-Glutamate; D-Glutamic acid; D-Glutaminic acid; D-2-Aminoglutaric acid|
cpd:C00222|3-Oxopropanoate; Malonate semialdehyde|
cpd:C00223|p-Coumaroyl-CoA; 4-Coumaroyl-CoA; 4-Hydroxycinnamoyl-CoA; trans-4-Coumaroyl-CoA; (E)-4-Coumaroyl-CoA|
cpd:C00226|Primary alcohol; 1-Alcohol|
cpd:C00227|Acetyl phosphate|
cpd:C00229|Acyl-carrier protein; ACP; [Acyl-carrier protein]; Holo-[acyl-carrier protein]|
cpd:C00231|D-Xylulose 5-phosphate|
cpd:C00232|Succinate semialdehyde; Succinic semialdehyde; 4-Oxobutanoate|
cpd:C00233|4-Methyl-2-oxopentanoate; 2-Oxoisocaproate|
cpd:C00234|10-Formyltetrahydrofolate; 10-Formyl-THF|
cpd:C00235|Dimethylallyl diphosphate; 2-Isopentenyl diphosphate; Delta2-Isopentenyl diphosphate; Dimethylallyl pyrophosphate; DMAPP; Monoprenyl diphosphate; Prenyl diphosphate|
cpd:C00237|CO; Carbon monoxide|
cpd:C00243|Lactose; 1-beta-D-Galactopyranosyl-4-D-glucopyranose; beta-D-Gal-(1-&gt;4)-D-Glc; Milk sugar|
cpd:C00245|Taurine; 2-Aminoethanesulfonic acid; Aminoethylsulfonic acid|
cpd:C00249|Hexadecanoic acid; Hexadecanoate; Hexadecylic acid; Palmitic acid; Palmitate; Cetylic acid|
cpd:C00255|Riboflavin; Lactoflavin; 7,8-Dimethyl-10-ribitylisoalloxazine; Vitamin B2|
cpd:C00264|3-Oxoacyl-CoA|
cpd:C00266|Glycolaldehyde; Hydroxyacetaldehyde|
cpd:C00267|alpha-D-Glucose|
cpd:C00269|CDP-diacylglycerol; CDP-1,2-diacylglycerol; 1,2-Diacyl-sn-glycero-3-cytidine-5'-diphosphate|
cpd:C00270|N-Acetylneuraminate; N-Acetylneuraminic acid; 5-Acetamido-3,5-dideoxy-D-glycero-D-galacto-2-nonulosonic acid; Neu5Ac|
cpd:C00272|Tetrahydrobiopterin; 5,6,7,8-Tetrahydrobiopterin; 2-Amino-6-(1,2-dihydroxypropyl)-5,6,7,8-tetrahydoro-4(1H)-pteridinone; L-erythro-Tetrahydrobiopterin|
cpd:C00279|D-Erythrose 4-phosphate|
cpd:C00283|Hydrogen sulfide; Hydrogen-sulfide; H2S; Sulfide|
cpd:C00288|HCO3-; Hydrogencarbonate; Bicarbonate; Hydrogen carbonate; Acid carbonate|
cpd:C00295|Orotate; Orotic acid; Uracil-6-carboxylic acid|
cpd:C00300|Creatine; alpha-Methylguanidino acetic acid; Methylglycocyamine|
cpd:C00307|CDP-choline; Cytidine 5'-diphosphocholine; Citicoline|
cpd:C00311|Isocitrate; Isocitric acid; 1-Hydroxytricarballylic acid; 1-Hydroxypropane-1,2,3-tricarboxylic acid|
cpd:C00315|Spermidine; N-(3-Aminopropyl)-1,4-butane-diamine|
cpd:C00320|Thiosulfate; Hyposulfite|
cpd:C00323|Caffeoyl-CoA; (2E)-3-(3,4-Dihydroxyphenyl)prop-2-enoyl-CoA|
cpd:C00327|L-Citrulline; 2-Amino-5-ureidovaleric acid; Citrulline|
cpd:C00328|L-Kynurenine; 3-Anthraniloyl-L-alanine|
cpd:C00332|Acetoacetyl-CoA; Acetoacetyl coenzyme A; 3-Acetoacetyl-CoA|
cpd:C00340|Reduced rubredoxin|
cpd:C00341|Geranyl diphosphate|
cpd:C00344|Phosphatidylglycerol; 3-(3-sn-Phosphatidyl)glycerol; 3(3-Phosphatidyl-)glycerol; PtdGro|
cpd:C00345|6-Phospho-D-gluconate|
cpd:C00349|2-Methyl-3-oxopropanoate; 3-Oxo-2-methylpropanoate; Methylmalonate semialdehyde|
cpd:C00350|Phosphatidylethanolamine; (3-Phosphatidyl)ethanolamine; (3-Phosphatidyl)-ethanolamine; Cephalin; O-(1-beta-Acyl-2-acyl-sn-glycero-3-phospho)ethanolamine; 1-Acyl-2-acyl-sn-glycero-3-phosphoethanolamine; L-1-Phosphatidylethanolamine|
cpd:C00352|D-Glucosamine 6-phosphate; D-Glucosamine phosphate|
cpd:C00353|Geranylgeranyl diphosphate; Geranylgeranyl pyrophosphate; all-trans-Geranylgeranyl diphosphate; all-trans-Geranylgeranyl pyrophosphate; (2E,6E,10E)-3,7,11,15-Tetramethylhexadeca-2,6,10,14-tetraen-1-yl diphosphate|
cpd:C00355|3,4-Dihydroxy-L-phenylalanine; L-Dopa; 3-Hydroxy-L-tyrosine; L-beta-(3,4-Dihydroxyphenyl)alanine; Levodopa; Dihydroxy-L-phenylalanine|
cpd:C00356|(S)-3-Hydroxy-3-methylglutaryl-CoA; Hydroxymethylglutaryl-CoA; Hydroxymethylglutaroyl coenzyme A; HMG-CoA; 3-Hydroxy-3-methylglutaryl-CoA|
cpd:C00369|Starch; Glycogen|
cpd:C00371|Zeatin; N6-(4-Hydroxyisopentenyl)adenine; (E)-2-Methyl-4-(1H-purin-6-ylamino)but-2-en-1-ol; trans-Zeatin|
cpd:C00372|Dextran; 1,6-alpha-D-Glucan; (1,6-alpha-D-Glucosyl)n; (1,6-alpha-D-Glucosyl)n+1; (1,6-alpha-D-Glucosyl)m; (1,6-alpha-D-Glucosyl)m+1; Dextran 40; Dextran 70; Dextran 75|
cpd:C00378|Thiamine; Thiamin; Vitamin B1; Aneurin; Antiberiberi factor|
cpd:C00383|Malonate; Malonic acid; Propanedioic acid|
cpd:C00386|Carnosine; Nalpha-(beta-alanyl)-L-histidine|
cpd:C00398|Tryptamine; 3-(2-Aminoethyl)indole|
cpd:C00406|Feruloyl-CoA; trans-Feruloyl-CoA; 4-Hydroxy-3-methoxycinnamoyl-CoA; (E)-3-(4-Hydroxy-3-methoxyphenyl)propenoyl-CoA|
cpd:C00415|Dihydrofolate; Dihydrofolic acid; 7,8-Dihydrofolate; 7,8-Dihydrofolic acid; 7,8-Dihydropteroylglutamate|
cpd:C00416|Phosphatidate; Phosphatidic acid; 1,2-Diacyl-sn-glycerol 3-phosphate; 3-sn-Phosphatidate|
cpd:C00417|cis-Aconitate; cis-Aconitic acid|
cpd:C00422|Triacylglycerol; Triglyceride|
cpd:C00424|(S)-Lactaldehyde; L-Lactaldehyde; L-2-Hydroxypropionaldehyde|
cpd:C00435|Oxidized rubredoxin|
cpd:C00437|N-Acetylornithine; N2-Acetyl-L-ornithine|
cpd:C00438|N-Carbamoyl-L-aspartate|
cpd:C00439|N-Formimino-L-glutamate; N-Formimidoyl-L-glutamate|
cpd:C00440|5-Methyltetrahydrofolate|
cpd:C00441|L-Aspartate 4-semialdehyde; Aspartate beta-semialdehyde; L-Aspartic 4-semialdehyde|
cpd:C00446|alpha-D-Galactose 1-phosphate; alpha-D-Galactopyranose 1-phosphate|
cpd:C00447|Sedoheptulose 1,7-bisphosphate; D-Sedoheptulose 1,7-bisphosphate; D-altro-Heptulose 1,7-biphosphate|
cpd:C00448|trans,trans-Farnesyl diphosphate; Farnesyl diphosphate; Farnesyl pyrophosphate; 2-trans,6-trans-Farnesyl diphosphate; (2E,6E)-Farnesyl diphosphate|
cpd:C00468|Estrone; 3-Hydroxy-1,3,5(10)-estratrien-17-one|
cpd:C00473|Retinol; all-trans-Retinol; Vitamin A; Vitamin A1|
cpd:C00474|Ribitol; Adonitol|
cpd:C00479|Propanal; Propionaldehyde|x
cpd:C00488|Formamide; Methanamide|x
cpd:C00489|Glutarate; Glutaric acid; Pentanedioic acid; 1,3-Propanedicarboxylic acid|
cpd:C00491|L-Cystine; L-Dicysteine; L-alpha-Diamino-beta-dithiolactic acid|
cpd:C00492|Raffinose; Melitose; Melitriose; Gossypose; 6G-alpha-D-galactosylsucrose|
cpd:C00498|ADP-glucose; ADP-alpha-D-glucose; Adenosine diphosphoglucose|
cpd:C00499|Allantoate; Allantoic acid|
cpd:C00500|Biliverdin; Biliverdin IX alpha|
cpd:C00504|Folate; Pteroylglutamic acid; Folic acid|
cpd:C00506|L-Cysteate; L-Cysteic acid; 3-Sulfoalanine; 2-Amino-3-sulfopropionic acid|
cpd:C00511|Acrylic acid; Propenoate; Acrylate; 2-Propenoic acid; Vinylformic acid|
cpd:C00512|Benzoyl-CoA; S-Benzoyl-coenzyme A|
cpd:C00522|(R)-Pantoate; Pantoate; Pantoic acid|
cpd:C00533|Nitric oxide; NO; Nitrogen monoxide|x
cpd:C00544|Homogentisate; Homogentisic acid; 2,5-Dihydroxyphenylacetic acid; 2,5-Dihydroxyphenylacetate|
cpd:C00546|Methylglyoxal; Pyruvaldehyde; Pyruvic aldehyde; 2-Ketopropionaldehyde; 2-Oxopropanal|
cpd:C00555|4-Aminobutyraldehyde; 4-Aminobutanal|
cpd:C00566|(3S)-Citryl-CoA|
cpd:C00568|4-Aminobenzoate; ABEE; 4-Aminobenzoic acid; p-Aminobenzoate|
cpd:C00570|CDP-ethanolamine; Cytidine diphosphate ethanolamine|
cpd:C00577|D-Glyceraldehyde|
cpd:C00593|Sulfoacetaldehyde; 2-Sulfoacetaldehyde|
cpd:C00596|2-Hydroxy-2,4-pentadienoate; cis-2-Hydroxypenta-2,4-dienoate; Oxopent-4-enoate; 2-Oxopent-4-enoate; 2-Hydroxypenta-2,4-dienoate|
cpd:C00603|(S)-Ureidoglycolate; (-)-Ureidoglycolate|
cpd:C00605|2,3-Dehydroacyl-CoA; Dehydroacyl-CoA|
cpd:C00606|3-Sulfino-L-alanine; L-Cysteinesulfinic acid; 3-Sulphino-L-alanine; 3-Sulfinoalanine|
cpd:C00630|2-Methylpropanoyl-CoA; 2-Methylpropionyl-CoA; Isobutyryl-CoA|
cpd:C00638|Long-chain fatty acid; Higher fatty acid|
cpd:C00640|(3S)-3-Hydroxyacyl-CoA; (S)-3-Hydroxyacyl-CoA|
cpd:C00641|1,2-Diacyl-sn-glycerol; 1,2-Diacylglycerol; L-1,2-Diacylglycerol|
cpd:C00658|trans-2,3-Dehydroacyl-CoA; trans-2-Enoyl-CoA; trans-2,3-Didehydroacyl-CoA; trans-Didehydroacyl-CoA; (2E)-2-Enoyl-CoA|
cpd:C00663|beta-D-Glucose 1-phosphate|
cpd:C00664|5-Formiminotetrahydrofolate; 5-Formimidoyltetrahydrofolate|
cpd:C00669|gamma-L-Glutamyl-L-cysteine; L-gamma-Glutamylcysteine; 5-L-Glutamyl-L-cysteine; gamma-Glutamylcysteine|
cpd:C00670|sn-Glycero-3-phosphocholine; Glycerophosphocholine|
cpd:C00671|(S)-3-Methyl-2-oxopentanoic acid; (S)-3-Methyl-2-oxopentanoate; (3S)-3-Methyl-2-oxopentanoic acid; (3S)-3-Methyl-2-oxopentanoate|
cpd:C00672|2-Deoxy-D-ribose 1-phosphate; 2-Deoxy-alpha-D-ribose 1-phosphate|
cpd:C00679|5-Dehydro-4-deoxy-D-glucarate; (2R,3S)-2,3-Dihydroxy-5-oxohexanedioate|
cpd:C00680|meso-2,6-Diaminoheptanedioate; meso-2,6-Diaminopimelate; meso-2,6-Diaminopimelic acid; meso-Diaminoheptanedioate|
cpd:C00681|1-Acyl-sn-glycerol 3-phosphate; 2-Lysophosphatidate; Lysophosphatidate; Lysophosphatidic acid|
cpd:C00683|(S)-Methylmalonyl-CoA; (S)-Methylmalonyl-coenzyme A; (2S)-Methylmalonyl-CoA; D-Methylmalonyl-CoA|
cpd:C00685|3-Oxoacyl-[acyl-carrier protein]|
cpd:C00689|alpha,alpha'-Trehalose 6-phosphate; Trehalose 6-phosphate|
cpd:C00692|UDP-N-acetylmuramoyl-L-alanyl-D-glutamate; UDP-N-acetyl-alpha-D-muramoyl-L-alanyl-D-glutamate|
cpd:C00693|trans-2,3-Dehydroacyl-[acyl-carrier protein]; trans-2-Enoyl-[acyl-carrier protein]|
cpd:C00695|Cholic acid; Cholate; 3alpha,7alpha,12alpha-Trihydroxy-5beta-cholanate; 3alpha,7alpha,12alpha-Trihydroxy-5beta-cholanic acid|
cpd:C00718|Amylose; Amylose chain; (1,4-alpha-D-Glucosyl)n; (1,4-alpha-D-Glucosyl)n+1; (1,4-alpha-D-Glucosyl)n-1; 4-{(1,4)-alpha-D-Glucosyl}(n-1)-D-glucose; 1,4-alpha-D-Glucan|
cpd:C00719|Betaine; Trimethylaminoacetate; Glycine betaine; N,N,N-Trimethylglycine; Trimethylammonioacetate|
cpd:C00721|Dextrin|
cpd:C00729|Tropine; 3alpha-Tropanol|
cpd:C00750|Spermine; N,N'-Bis(3-aminopropyl)-1,4-butanediamine|
cpd:C00794|D-Sorbitol; D-Glucitol; L-Gulitol; Sorbitol|
cpd:C00802|Oxalureate; Oxaluric acid; Monooxalylurea; Oxalurate; N-Carbamoyl-2-oxoglycine|
cpd:C00819|D-Glutamine; D-2-Aminoglutaramic acid|
cpd:C00822|Dopaquinone|
cpd:C00825|Kanamycin B; Bekanamycin; Nebramycin factor 5|
cpd:C00829|Naphthalene|
cpd:C00852|Chlorogenate; Chlorogenic acid; Caffeoyl quinic acid; trans-5-O-Caffeoyl-D-quinate|
cpd:C00864|Pantothenate; Pantothenic acid; (R)-Pantothenate|
cpd:C00870|4-Nitrophenol; p-Nitrophenol; PNP; Niphen; 4-Hydroxynitrobenzene|
cpd:C00877|Crotonoyl-CoA; Crotonyl-CoA; 2-Butenoyl-CoA; trans-But-2-enoyl-CoA; But-2-enoyl-CoA; (E)-But-2-enoyl-CoA; (2E)-But-2-enoyl-CoA|
cpd:C00888|Pentanoyl-CoA; Valeryl-coenzyme A|
cpd:C00894|Propenoyl-CoA; Acryloyl-CoA; Acrylyl-CoA|
cpd:C00899|11-cis-Retinol|
cpd:C00921|Dihydropteroate; 7,8-Dihydropteroate|
cpd:C00956|L-2-Aminoadipate; L-alpha-Aminoadipate; L-alpha-Aminoadipic acid; L-2-Aminoadipic acid; L-2-Aminohexanedioate|
cpd:C00979|O-Acetyl-L-serine; O3-Acetyl-L-serine|
cpd:C00986|1,3-Diaminopropane; Trimethylenediamine; 1,3-Propanediamine; Propane-1,3-diamine|
cpd:C00988|2-Phosphoglycolate; Phosphoglycolic acid|
cpd:C00993|D-Alanyl-D-alanine; D-Ala-D-Ala|
cpd:C00996|Ferricytochrome b5|
cpd:C00999|Ferrocytochrome b5|
cpd:C01011|(3S)-Citramalyl-CoA; L-Citramalyl-CoA; (S)-Citramalyl-CoA; (3S)-3-Carboxy-3-hydroxybutanoyl-CoA|
cpd:C01026|N,N-Dimethylglycine; Dimethylglycine|
cpd:C01044|N-Formyl-L-aspartate|
cpd:C01045|N-Formyl-L-glutamate|
cpd:C01059|2,5-Dihydroxypyridine|
cpd:C01061|4-Fumarylacetoacetate; 4-Fumarylacetoacetic acid; Fumarylacetoacetate|
cpd:C01081|Thiamin monophosphate; Thiamine monophosphate; Thiamin phosphate; Thiamine phosphate; TMP|
cpd:C01083|alpha,alpha-Trehalose; alpha,alpha'-Trehalose; Trehalose|
cpd:C01094|D-Fructose 1-phosphate|
cpd:C01099|L-Fuculose 1-phosphate|
cpd:C01103|Orotidine 5'-phosphate; Orotidylic acid|
cpd:C01118|O-Succinyl-L-homoserine; O4-Succinyl-L-homoserine; O-Succinylhomoserine|
cpd:C01121|Streptidine 6-phosphate|
cpd:C01127|4-Hydroxy-2-oxoglutarate; 4-Hydroxy-2-oxoglutaric acid|
cpd:C01131|L-Rhamnulose 1-phosphate|
cpd:C01134|Pantetheine 4'-phosphate; 4'-Phosphopantetheine; Phosphopantetheine; D-Pantetheine 4'-phosphate|
cpd:C01137|S-Adenosylmethioninamine; (5-Deoxy-5-adenosyl)(3-aminopropyl)methylsulfonium; (5-Deoxy-5-adenosyl)(3-aminopropyl)methylsulfonium cation; S-Adenosyl-(5')-3-methylthiopropylamine; S-Adenosyl 3-(methylthio)propylamine; S-Adenosyl 3-(methylsulfanyl)propylamine; Decarboxy-AdoMet|
cpd:C01144|(S)-3-Hydroxybutanoyl-CoA; (S)-3-Hydroxybutyryl-CoA|
cpd:C01146|2-Hydroxy-3-oxopropanoate; Tartronate semialdehyde|
cpd:C01152|N(pi)-Methyl-L-histidine; N-pros-Methyl-L-histidine; 3-Methylhistidine; 1-Methylhistidine|
cpd:C01172|beta-D-Glucose 6-phosphate|
cpd:C01179|3-(4-Hydroxyphenyl)pyruvate; 4-Hydroxyphenylpyruvate; p-Hydroxyphenylpyruvic acid|
cpd:C01182|D-Ribulose 1,5-bisphosphate|
cpd:C01194|1-Phosphatidyl-D-myo-inositol; 1-Phosphatidyl-1D-myo-inositol; 1-Phosphatidyl-myo-inositol; Phosphatidyl-1D-myo-inositol; (3-Phosphatidyl)-1-D-inositol; 1,2-Diacyl-sn-glycero-3-phosphoinositol; Phosphatidylinositol|
cpd:C01205|(R)-3-Amino-2-methylpropanoate; (R)-3-Aminoisobutyrate; D-3-Aminoisobutanoate; (R)-beta-Aminoisobutyrate|
cpd:C01209|Malonyl-[acyl-carrier protein]; Malonyl-[acp]|
cpd:C01212|UDP-N-acetylmuramoyl-L-alanine; UDP-N-acetyl-alpha-D-muramoyl-L-alanine|
cpd:C01218|6-Phospho-2-dehydro-D-gluconate; 2-Dehydro-D-gluconate 6-phosphate|
cpd:C01231|alpha-D-Glucose 1,6-bisphosphate; alpha-D-Glucose 1,6-biphosphate; D-Glucose 1,6-bisphosphate|
cpd:C01233|sn-Glycero-3-phosphoethanolamine; Glycerophosphoethanolamine|
cpd:C01234|1-Aminocyclopropane-1-carboxylate; 1-Aminocyclopropane-1-carboxylic acid|
cpd:C01235|alpha-D-Galactosyl-(1-&gt;3)-1D-myo-inositol; O-alpha-D-Galactosyl-(1-&gt;3)-1D-myo-inositol; 3-O-alpha-D-Galactosyl-1D-myo-inositol; 1-alpha-D-Galactosyl-myo-inositol; Galactinol|
cpd:C01236|D-Glucono-1,5-lactone 6-phosphate; 6-Phospho-D-glucono-1,5-lactone|
cpd:C01242|[Protein]-S8-aminomethyldihydrolipoyllysine; H-protein-S-aminomethyldihydrolipoyllysine; S-Aminomethyldihydrolipoylprotein; [Glycine-cleavage complex H protein]-S-aminomethyl-N6-dihydrolipoyl-L-lysine|
cpd:C01245|D-myo-Inositol 1,4,5-trisphosphate; 1D-myo-Inositol 1,4,5-trisphosphate; Inositol 1,4,5-trisphosphate; Ins(1,4,5)P3|
cpd:C01251|(R)-2-Hydroxybutane-1,2,4-tricarboxylate; Homocitrate; Homocitric acid; 3-Hydroxy-3-carboxyadipic acid; (R)-2-Hydroxy-1,2,4-butanetricarboxylic acid|
cpd:C01262|beta-Alanyl-N(pi)-methyl-L-histidine; Anserine|
cpd:C01271|(3R)-3-Hydroxyacyl-[acyl-carrier protein]; (R)-3-Hydroxyacyl-[acyl-carrier protein]|
cpd:C01273|2-Hydroxy-6-oxo-6-phenylhexa-2,4-dienoate; 2,6-Dioxo-6-phenylhexa-3-enoate|
cpd:C01279|4-Amino-5-hydroxymethyl-2-methylpyrimidine; Toxopyrimidine; 4-Amino-2-methyl-5-pyrimidinemethanol; HMP|
cpd:C01300|6-(Hydroxymethyl)-7,8-dihydropterin; 6-Hydroxymethyl-7,8-dihydropterin; 2-Amino-4-hydroxy-6-hydroxymethyl-7,8-dihydropteridine|
cpd:C01322|RX; Organic halide|x
cpd:C01326|Hydrogen cyanide; HCN; Cyanide|x
cpd:C01371|Alkane; RH|x
cpd:C01384|Maleic acid; Maleate; cis-Butenedioic acid|
cpd:C01417|Cyanate; Cyanic acid|
cpd:C01419|Cys-Gly; L-Cysteinylglycine|
cpd:C01438|Methane; CH4|x
cpd:C01441|Neamine; Neomycin A|
cpd:C01444|Oxamate; Oxamic acid; Oxalic monoamide|
cpd:C01456|Tropate; Tropic acid; alpha-(Hydroxymethyl)phenylacetic acid|
cpd:C01479|Atropine; dl-Hyoscyamine|
cpd:C01513|Lupinate; Lupinic acid; 3-[N6-(4-Hydroxyisopentenyl)adeninyl]-L-alanine; (S)-2-Amino-3-{[(E)-4-hydroxy-3-methylbut-2-enylamino]purin-9-yl}propanoic acid|
cpd:C01516|Morphine|
cpd:C01528|Hydrogen selenide; Selenide|x
cpd:C01563|Carbamate; Carbamic acid; Aminoformic acid|
cpd:C01613|Stachyose|
cpd:C01674|Chitobiose; Diacetylchitobiose; N,N'-Diacetylchitobiose|
cpd:C01727|Lumichrome; 7,8-Dimethylalloxazine|
cpd:C01735|Morphinone|
cpd:C01743|Paromamine; Neomycin D|
cpd:C01759|Ribostamycin; Vistamycin|
cpd:C01794|Choloyl-CoA; 3alpha,7alpha,12alpha-Trihydroxy-5beta-cholanoyl-CoA; 3alpha,7alpha,12alpha-Trihydroxy-5beta-cholan-24-one-CoA|
cpd:C01804|Discadenine; 3-(3-Amino-3-carboxypropyl)-N6-(Delta2-isopentenyl)-adenine|
cpd:C01822|Kanamycin A|
cpd:C01823|Kanamycin C|
cpd:C01832|Lauroyl-CoA; Lauroyl coenzyme A; Dodecanoyl-CoA|
cpd:C01852|Secologanin; (-)-Secologanin|
cpd:C01879|5-Oxoproline; Pidolic acid; Pyroglutamic acid; 5-Pyrrolidone-2-carboxylic acid; Pyroglutamate; 5-Oxo-L-proline; L-Pyroglutamic acid; L-5-Pyrrolidone-2-carboxylic acid|
cpd:C01885|1-Acylglycerol; Glyceride; Monoglyceride; Monoacylglycerol; 1-Monoacylglycerol|
cpd:C01898|Cellodextrin; Cellooligosaccharide|
cpd:C01921|Glycocholate; Glycocholic acid; 3alpha,7alpha,12alpha-Trihydroxy-5beta-cholan-24-oylglycine|
cpd:C01944|Octanoyl-CoA|
cpd:C01953|Pregnenolone; 5-Pregnen-3beta-ol-20-one; 3beta-Hydroxypregn-5-en-20-one|
cpd:C01989|3-Ethylmalate|
cpd:C01990|3-Oxalomalate; 3-Oxalomalic acid|
cpd:C02051|Lipoylprotein; H-Protein-lipoyllysine; [GCSH]-N6-lipoyl-L-lysine; [GcvH]-N6-lipoyl-L-lysine; [Glycine cleavage system H]-N6-lipoyl-L-lysine; [Glycine-cleavage complex H protein]-N6-lipoyl-L-lysine|
cpd:C02075|Retinyl ester; all-trans-Retinyl ester|
cpd:C02090|Trypanothione; N1,N8-Bis(gamma-L-glutamyl-L-cysteinyl-glycyl)spermidine; N1,N8-Bis(glutathionyl)spermidine; Reduced trypanothione|
cpd:C02091|(S)-Ureidoglycine|
cpd:C02123|3-Propylmalate|
cpd:C02133|Acyl phosphate|
cpd:C02167|Maleylpyruvate; Maleylpyruvic acid; 3-Maleylpyruvate|
cpd:C02170|Methylmalonate; Methylmalonic acid|
cpd:C02191|Protoporphyrin; Protoporphyrin IX; Porphyrinogen IX|
cpd:C02232|3-Oxoadipyl-CoA; beta-Ketoadipyl-CoA|
cpd:C02291|L-Cystathionine|
cpd:C02320|R-S-Glutathione|
cpd:C02370|4-Chlorobenzoate; 4-Chlorobenzoic acid|
cpd:C02373|4-Methylpentanal; Isocaproaldehyde; Isohexanal|
cpd:C02380|6-Mercaptopurine; Mercaptopurine|
cpd:C02430|L-Methionyl-tRNA; L-Methionyl-tRNA(Met)|
cpd:C02504|alpha-Isopropylmalate; (2S)-2-Isopropylmalate; (2S)-2-Hydroxy-2-isopropylsuccinic acid; 2-Isopropylmalic acid; 3-Carboxy-3-hydroxy-4-methylpentanoate; 3-Carboxy-3-hydroxyisocaproate|
cpd:C02512|3-Cyano-L-alanine; L-3-Cyanoalanine; L-beta-Cyanoalanine|
cpd:C02514|3-Fumarylpyruvate|
cpd:C02528|Chenodeoxycholate; Chenodeoxycholic acid; 3alpha,7alpha-Dihydroxy-5beta-cholanic acid; Chenodiol|
cpd:C02538|Estrone 3-sulfate|
cpd:C02588|Retinyl palmitate; Vitamin A palmitate; all-trans-Retinyl palmitate; Retinol palmitate|
cpd:C02593|Tetradecanoyl-CoA; Myristoyl-CoA|
cpd:C02612|(R)-2-Methylmalate; (R)-2-Methylmalic acid; (R)-Citramalate; (R)-Citramalic acid; (R)-alpha-Hydroxypyrotartaric acid; D-Citramalate; D-Citramalic acid; D-alpha-Hydroxypyrotartaric acid; (2R)-2-Hydroxy-2-methylbutanedioate|
cpd:C02614|(S)-2-Methylmalate; (S)-2-Methylmalic acid; (S)-Citramalate; (S)-Citramalic acid; (S)-alpha-Hydroxypyrotartaric acid; L-Citramalate; L-Citramalic acid; L-alpha-Hydroxypyrotartaric acid; (2S)-2-Hydroxy-2-methylbutanedioate; (S)-2-Hydroxy-2-methylsuccinic acid|
cpd:C02627|2-Deoxystreptamine|
cpd:C02630|2-Hydroxyglutarate; alpha-Hydroxyglutarate|
cpd:C02671|D-Glutamyl-peptide; gamma-D-Glutamyl-peptide|
cpd:C02700|L-Formylkynurenine; N-Formyl-L-kynurenine; N-Formylkynurenine|
cpd:C02737|Phosphatidylserine; Phosphatidyl-L-serine; 1,2-Diacyl-sn-glycerol 3-phospho-L-serine; 3-O-sn-Phosphatidyl-L-serine; O3-Phosphatidyl-L-serine; L-1-Phosphatidylserine|
cpd:C02843|Long-chain acyl-CoA|
cpd:C02916|(S)-Norlaudanosoline; (S)-Tetrahydropapaveroline|
cpd:C02934|3-Dehydrosphinganine; 3-Dehydro-D-sphinganine|
cpd:C02939|3-Methylbutanoyl-CoA; Isovaleryl-CoA|
cpd:C02972|Dihydrolipoylprotein; [H protein]-dihydrolipoyllysine; [GCSH]-N6-[(R)-dihydrolipoyl]-L-lysine; [GcvH]-N6-[(R)-dihydrolipoyl]-L-lysine; [Glycine cleavage system H]-N6-[(R)-dihydrolipoyl]-L-lysine|
cpd:C02990|L-Palmitoylcarnitine|
cpd:C02995|Maltose 6'-phosphate|
cpd:C03056|2,6-Dihydroxypyridine|
cpd:C03090|5-Phosphoribosylamine; 5-Phospho-beta-D-ribosylamine; 5-Phospho-D-ribosylamine; 5-Phosphoribosyl-1-amine|
cpd:C03170|Trypanothione disulfide; Oxidized trypanothione|
cpd:C03194|(R)-1-Aminopropan-2-ol; (R)-1-Amino-2-propanol|
cpd:C03196|(S)-2-Hydroxyglutarate|
cpd:C03217|2-Hydroxy-3-oxoadipate|
cpd:C03232|3-Phosphonooxypyruvate; 3-Phosphonooxypyruvic acid; 3-Phosphohydroxypyruvate; 3-Phosphohydroxypyruvic acid; 3-Phosphooxypyruvate|
cpd:C03283|L-2,4-Diaminobutanoate; alpha,gamma-Diaminobutyrate; L-2,4-Diaminobutyrate|
cpd:C03284|L-3-Aminoisobutanoate; (S)-3-Aminoisobutyrate; L-3-Aminoisobutyrate; (S)-3-Aminoisobutanoate; (S)-3-Amino-2-methylpropanoate; (S)-beta-Aminoisobutyrate|
cpd:C03294|N-Formylmethionyl-tRNA|
cpd:C03300|O-beta-D-Xylosylzeatin; O-beta-D-Xyloxylzeatin|
cpd:C03309|Strictosidine aglycone|
cpd:C03323|(2,1-beta-D-Fructosyl)n; (2,1-beta-D-Fructosyl)n+1; Inulin; (1,2-beta-D-Fructosyl)n; (1,2-beta-D-Fructosyl)m; (1,2-beta-D-Fructosyl)n+1; (1,2-beta-D-Fructosyl)m-1|
cpd:C03344|2-Methylacetoacetyl-CoA; 2-Methyl-3-acetoacetyl-CoA|
cpd:C03406|N-(L-Arginino)succinate; 2-(Nomega-L-Arginino)succinate; L-Argininosuccinate; L-Argininosuccinic acid; L-Arginosuccinic acid|
cpd:C03410|N-Glycoloyl-neuraminate; N-Glycolylneuraminate; Neu5Gc|
cpd:C03423|O-beta-D-Glucosylzeatin; O-beta-D-Glucosyl-trans-zeatin; trans-Zeatin-O-glucoside|
cpd:C03442|dTDP-L-dihydrostreptose|
cpd:C03470|3-alpha(S)-Strictosidine; Strictosidine|
cpd:C03492|D-4'-Phosphopantothenate; (R)-4'-Phosphopantothenate|
cpd:C03589|4-Hydroxy-2-oxopentanoate; 4-Hydroxy-2-oxovalerate|
cpd:C03590|4-Hydroxyphenylglyoxylate; 4-Hydroxybenzoylformate; 4-Hydroxyphenylglyoxylic acid; 2-(4-Hydroxyphenyl)-2-oxoacetate|
cpd:C03652|(2R,3S)-2,3-Dimethylmalate|
cpd:C03656|(S)-5-Amino-3-oxohexanoic acid; (S)-5-Amino-3-oxohexanoate|
cpd:C03657|1,4-Dihydroxy-2-naphthoate; 1,4-Dihydroxy-2-naphthoic acid|
cpd:C03688|Apo-[acyl-carrier-protein]|
cpd:C03691|CMP-N-glycoloylneuraminate; CMP-N-glycolylneuraminate; CMP-Neu5Gc|
cpd:C03692|1,2-Diacyl-3-beta-D-galactosyl-sn-glycerol; D-Galactosyldiacylglycerol; 3-beta-D-Galactosyl-1,2-diacylglycerol; Monogalactosyldiglyceride; Monogalactosyl-diacylglycerol; MGDG; Galbeta1-&gt;3acyl2Gro; 3-(beta-D-Galactosyl)-1,2-diacyl-sn-glycerol; 1,2-Diacyl-3-O-(beta-D-galactopyranosyl)-sn-glycerol|
cpd:C03740|(5-L-Glutamyl)-L-amino acid; L-gamma-Glutamyl-L-amino acid; alpha-(gamma-L-Glutamyl)-L-amino acid|
cpd:C03758|Dopamine; 4-(2-Aminoethyl)-1,2-benzenediol; 4-(2-Aminoethyl)benzene-1,2-diol; 3,4-Dihydroxyphenethylamine; 2-(3,4-Dihydroxyphenyl)ethylamine|
cpd:C03765|4-Hydroxyphenylacetaldehyde; 2-(4-Hydroxyphenyl)acetaldehyde|
cpd:C03785|D-Tagatose 1,6-bisphosphate|
cpd:C03794|N6-(1,2-Dicarboxyethyl)-AMP; N6-(1,2-Dicarboxyethyl)AMP; Adenylosuccinate; Adenylosuccinic acid|
cpd:C03912|(S)-1-Pyrroline-5-carboxylate; L-1-Pyrroline-5-carboxylate; 1-Pyrroline-5-carboxylate|
cpd:C03921|2-Dehydro-3-deoxy-D-glucarate|
cpd:C03933|5-D-Glutamyl-D-glutamyl-peptide; gamma-D-Glutamyl-D-glutamyl-peptide|
cpd:C03939|Acetyl-[acyl-carrier protein]|
cpd:C03974|2-Acyl-sn-glycerol 3-phosphate|
cpd:C04006|1D-myo-Inositol 3-phosphate; D-myo-Inositol 3-phosphate; myo-Inositol 3-phosphate; Inositol 3-phosphate; 1D-myo-Inositol 3-monophosphate; D-myo-Inositol 3-monophosphate; myo-Inositol 3-monophosphate; Inositol 3-monophosphate; 1L-myo-Inositol 1-phosphate; L-myo-Inositol 1-phosphate|
cpd:C04043|3,4-Dihydroxyphenylacetaldehyde; Protocatechuatealdehyde|
cpd:C04083|N6-(Delta2-Isopentenyl)-adenine; N6-(3-Methylbut-2-enyl)adenine; 6-(gamma,gamma-Dimethylallylamino)purine; N6-Dimethylallyladenine|
cpd:C04115|4-Carboxy-4-hydroxy-2-oxoadipate; 4-Hydroxy-4-carboxymethyl-2-oxoglutarate; 2-Hydroxy-4-oxobutane-1,2,4-tricarboxylate|
cpd:C04122|D-1-Aminopropan-2-ol O-phosphate; (R)-1-Aminopropan-2-yl phosphate|
cpd:C04145|all-trans-Nonaprenyl diphosphate; Solanesyl pyrophosphate; Solanesyl diphosphate|
cpd:C04242|5-Fluorodeoxyuridine monophosphate|
cpd:C04294|5-(2-Hydroxyethyl)-4-methylthiazole; 4-Methyl-5-(2'-hydroxyethyl)-thiazole; 4-Methyl-5-(2-hydroxyethyl)thiazole; HET|
cpd:C04302|N-(5-Phospho-D-ribosyl)anthranilate; N-(5-Phospho-beta-D-ribosyl)anthranilate; N-(5-Phosphoribosyl)anthranilic acid|
cpd:C04315|2-Acyl-3-O-(beta-D-galactosyl)-sn-glycerol; Monogalactosyl-monoacylglycerol; Gal-beta1-&gt;3acyl1Gro; Galbeta1-&gt;3acyl1Gro; Mono-beta-D-galactosylacylglycerol|
cpd:C04327|4-Methyl-5-(2-phosphooxyethyl)thiazole; 4-Methyl-5-(2-phosphonooxyethyl)thiazole; 5-(2-Hydroxyethyl)-4-methylthiazole phosphate; HET-P|
cpd:C04332|6,7-Dimethyl-8-(D-ribityl)lumazine|
cpd:C04348|L-Malyl-CoA; (S)-Malyl-CoA; Malyl-CoA; (3S)-3-Carboxy-3-hydroxypropanoyl-CoA; (3S)-3-Carboxy-3-hydroxypropionyl-CoA|
cpd:C04352|(R)-4'-Phosphopantothenoyl-L-cysteine; N-[(R)-4'-Phosphopantothenoyl]-L-cysteine|
cpd:C04432|tRNA containing 6-isopentenyladenosine; N6-(3-Methylbut-2-en-1-yl)-adenosine in tRNA; N6-(3-Methylbut-2-en-1-yl)-adenine in tRNA; N6-Dimethylallyladenine in tRNA|
cpd:C04442|2-Dehydro-3-deoxy-6-phospho-D-gluconate; 6-Phospho-2-dehydro-3-deoxy-D-gluconate; 2-Keto-3-deoxy-6-phosphogluconate; 2-Dehydro-3-deoxy-D-gluconate 6-phosphate|
cpd:C04479|2-Hydroxy-6-oxonona-2,4-diene-1,9-dioate; (2Z,4E)-2-Hydroxy-6-oxonona-2,4-diene-1,9-dioate|
cpd:C04498|p-Coumaroylagmatine; N-(4-Guanidinobutyl)-4-hydroxycinnamide; N-(4-Guanidinobutyl)-4-hydroxycinnamamide|
cpd:C04501|N-Acetyl-alpha-D-glucosamine 1-phosphate|
cpd:C04534|6-Phospho-beta-D-glucosyl-(1,4)-D-glucose; Cellobiose 6'-phosphate; Cellobiose 6-phosphate|
cpd:C04637|1-Phosphatidyl-D-myo-inositol 4,5-bisphosphate; 1-Phosphatidyl-1D-myo-inositol 4,5-bisphosphate; Phosphatidyl-myo-inositol 4,5-bisphosphate; Phosphatidylinositol-4,5-bisphosphate; 1,2-Diacyl-sn-glycero-3-phospho-(1'-myo-inositol-4',5'-bisphosphate)|
cpd:C04646|6-Thioinosine-5'-monophosphate; 9-(5-Phospho-1-ribofuranosyl)-6-mercaptopurine|
cpd:C04666|D-erythro-1-(Imidazol-4-yl)glycerol 3-phosphate; D-erythro-Imidazole-glycerol 3-phosphate; D-erythro-Imidazole-glycerol phosphate|
cpd:C04677|1-(5'-Phosphoribosyl)-5-amino-4-imidazolecarboxamide; 5'-Phosphoribosyl-5-amino-4-imidazolecarboxamide; 5'-Phospho-ribosyl-5-amino-4-imidazole carboxamide; AICAR; 5-Aminoimidazole-4-carboxamide ribotide; 5-Phosphoribosyl-4-carbamoyl-5-aminoimidazole; 5-Amino-1-(5-phospho-D-ribosyl)imidazole-4-carboxamide; 5-Amino-1-(5-phospho-beta-D-ribosyl)imidazole-4-carboxamide|
cpd:C04691|2-Dehydro-3-deoxy-D-arabino-heptonate 7-phosphate; 3-Deoxy-D-arabino-hept-2-ulosonate 7-phosphate; 3-Deoxy-arabino-heptulonate 7-phosphate; 3-Deoxy-D-arabino-heptulosonic acid 7-phosphate; DAHP; 2-Dahp|
cpd:C04702|UDPMurNAc(oyl-L-Ala-D-gamma-Glu-L-Lys-D-Ala-D-Ala); UDP-N-acetylmuramoyl-L-alanyl-gamma-D-glutamyl-L-lysyl-D-alanyl-D-alanine; UDP-N-acetylmuramoyl-L-alanyl-D-glutamyl-L-lysyl-D-alanyl-D-alanine|
cpd:C04713|N6-(delta2-Isopentenyl)-adenosine 5'-monophosphate; N6-(Dimethylallyl)adenosine 5'-phosphate; Isopentenyl-AMP|
cpd:C04732|5-Amino-6-(1-D-ribitylamino)uracil; 5-Amino-6-(D-ribitylamino)uracil; 6-(1-D-Ribitylamino)-5-amino-2,4-dihydroxypyrimidine; 6-(1-D-Ribitylamino)-5-aminouracil; 4-(1-D-Ribitylamino)-5-amino-2,6-dihydroxypyrimidine|
cpd:C04752|4-Amino-5-hydroxymethyl-2-methylpyrimidine diphosphate; 4-Amino-2-methyl-5-(diphosphooxymethyl)pyrimidine; HMP-PP|
cpd:C04767|O-(1-&gt;4)-alpha-L-Dihydrostreptosyl-streptidine 6-phosphate; alpha-L-Dihydrostreptosyl-(1-&gt;4)-streptidine 6-phosphate|
cpd:C04807|6-Hydroxymethyl-7,8-dihydropterin diphosphate; (7,8-Dihydropterin-6-yl)methyl diphosphate; 2-Amino-7,8-dihydro-4-hydroxy-6-(diphosphooxymethyl)pteridine; 2-Amino-4-hydroxy-6-hydroxymethyl-7,8-dihydropteridine diphosphate; 7,8-Dihydropterin pyrophosphate|
cpd:C04874|7,8-Dihydroneopterin; Dihydroneopterin; 2-Amino-4-hydroxy-6-(D-erythro-1,2,3-trihydroxypropyl)-7,8-dihydropteridine|
cpd:C04877|UDP-N-acetylmuramoyl-L-alanyl-gamma-D-glutamyl-meso-2,6-diaminopimelate; UDP-N-acetylmuramoyl-L-alanyl-gamma-D-glutamyl-meso-2,6-diaminoheptanedioate; UDP-N-acetyl-alpha-D-muramoyl-L-alanyl-gamma-D-glutamyl-meso-2,6-diaminoheptanedioate; UDP-N-acetylmuramoyl-L-alanyl-D-gamma-glutamyl-meso-2,6-diaminopimelate; UDP-N-acetylmuramoyl-L-alanyl-D-gamma-glutamyl-meso-2,6-diamino-heptanedioate|
cpd:C04882|UDP-N-acetylmuramoyl-L-alanyl-D-glutamyl-6-carboxy-L-lysyl-D-alanyl-D-alanine; UDP-N-acetylmuramoyl-L-alanyl-D-glutamyl-meso-2,6-diaminopimeloyl-D-alanyl-D-alanine; UDP-N-acetylmuramoyl-L-alanyl-D-gamma-glutamyl-6-carboxy-L-lysyl-D-alanyl-D-alanine|
cpd:C04916|N-(5'-Phospho-D-1'-ribulosylformimino)-5-amino-1-(5''-phospho-D-ribosyl)-4-imidazolecarboxamide; 5-[(5-Phospho-1-deoxyribulos-1-ylamino)methylideneamino]-1-(5-phosphoribosyl)imidazole-4-carboxamide; Phosphoribulosyl-formimino-AICAR-phosphate; 5-[(5-Phospho-1-deoxy-D-ribulos-1-ylamino)methylideneamino]-1-(5-phospho-beta-D-ribosyl)imidazole-4-carboxamide|
cpd:C05011|Hydroxytamoxifen; 4-Hydroxytamoxifen|
cpd:C05122|Taurocholate; Taurocholic acid; Cholyltaurine|
cpd:C05125|2-(alpha-Hydroxyethyl)thiamine diphosphate; 2-Hydroxyethyl-ThPP|
cpd:C05138|17alpha-Hydroxypregnenolone|
cpd:C05172|Selenophosphoric acid; Selenophosphate|
cpd:C05176|(S)-N-Methylcoclaurine; (S)-1,2,3,4-Tetrahydro-1-[(4-hydroxyphenyl)methyl]-6-methoxy-2-methyl-7-isoquinolinol|
cpd:C05177|Berbamunine; (1S)-1,2,3,4-Tetrahydro-1-[[4-[2-hydroxy-5-[[(1R)-1,2,3,4-tetrahydro-7-hydroxy-6-methoxy-2-methyl-1-isoquinolinyl]methyl]phenoxy]phenyl]methyl]-6-methoxy-2-methyl-7-isoquinolinol|
cpd:C05223|Dodecanoyl-[acyl-carrier protein]; Dodecanoyl-[acp]; Lauroyl-[acyl-carrier protein]|
cpd:C05231|L-3-Aminobutyryl-CoA; L-3-Aminobutanoyl-CoA|
cpd:C05243|(R)-N-Methylcoclaurine; (R)-1,2,3,4-Tetrahydro-1-[(4-hydroxyphenyl)methyl]-6-methoxy-2-methyl-7-isoquinolinol|
cpd:C05258|(S)-3-Hydroxyhexadecanoyl-CoA|
cpd:C05259|3-Oxopalmitoyl-CoA; 3-Ketopalmitoyl-CoA; 3-Oxohexadecanoyl-CoA|
cpd:C05260|(S)-3-Hydroxytetradecanoyl-CoA|
cpd:C05261|3-Oxotetradecanoyl-CoA|
cpd:C05262|(S)-3-Hydroxydodecanoyl-CoA|
cpd:C05263|3-Oxododecanoyl-CoA|
cpd:C05264|(S)-Hydroxydecanoyl-CoA; (S)-3-Hydroxydecanoyl-CoA|
cpd:C05265|3-Oxodecanoyl-CoA|
cpd:C05266|(S)-3-Hydroxyoctanoyl-CoA; (S)-3-Hydroxycapryloyl-CoA; (S)-Hydroxyoctanoyl-CoA|
cpd:C05267|3-Oxooctanoyl-CoA|
cpd:C05268|(S)-Hydroxyhexanoyl-CoA; (S)-3-Hydroxyhexanoyl-CoA|
cpd:C05269|3-Oxohexanoyl-CoA; 3-Ketohexanoyl-CoA|
cpd:C05270|Hexanoyl-CoA|
cpd:C05274|Decanoyl-CoA|
cpd:C05337|Chenodeoxycholoyl-CoA; 3alpha,7alpha-Dihydroxy-5beta-cholanoyl-CoA|
cpd:C05345|beta-D-Fructose 6-phosphate|
cpd:C05361|Hydrazine|
cpd:C05378|beta-D-Fructose 1,6-bisphosphate|
cpd:C05381|3-Carboxy-1-hydroxypropyl-ThPP; Succinate semialdehyde-thiamin diphosphate|
cpd:C05382|Sedoheptulose 7-phosphate; D-Sedoheptulose 7-phosphate; D-altro-Heptulose 7-phosphate; altro-Heptulose 7-phosphate|
cpd:C05399|Melibiitol; 6-O-alpha-D-Galactosyl-D-glucitol|
cpd:C05400|Epimelibiose; 6-O-(alpha-D-Galactopyranosyl)-D-mannopyranose|
cpd:C05401|3-beta-D-Galactosyl-sn-glycerol; Galactosylglycerol|
cpd:C05402|Melibiose; 6-O-(alpha-D-Galactopyranosyl)-D-glucopyranose; D-Gal-alpha1-&gt;6D-Glucose|
cpd:C05404|D-Gal alpha 1-&gt;6D-Gal alpha 1-&gt;6D-Glucose; D-Gal-alpha1-&gt;6D-Gal-alpha1-&gt;6D-Glucose; Manninotriose|
cpd:C05413|all-trans-Phytoene|
cpd:C05414|all-trans-Phytofluene|
cpd:C05421|15-cis-Phytoene; Phytoene|
cpd:C05422|Dehydroascorbate; Dehydroascorbic acid; L-Dehydroascorbate; L-Dehydroascorbic acid|
cpd:C05427|Phytyl diphosphate|
cpd:C05465|Taurochenodeoxycholate; Taurochenodeoxycholic acid; Chenodeoxycholoyltaurine|
cpd:C05466|Glycochenodeoxycholate; Glycochenodeoxycholic acid; Chenodeoxyglycocholate|
cpd:C05499|17alpha,20alpha-Dihydroxycholesterol|
cpd:C05501|20alpha,22beta-Dihydroxycholesterol; (22R)-20alpha,22-Dihydroxycholesterol|
cpd:C05519|L-Allothreonine; L-allo-Threonine|
cpd:C05526|S-Glutathionyl-L-cysteine|
cpd:C05552|Biocytin; N6-D-Biotinyl-L-lysine; epsilon-N-Biotinyl-L-lysine|
cpd:C05556|delta-(L-2-Aminoadipyl)-L-cysteinyl-D-valine; N-[L-5-Amino-5-carboxypentanoyl]-L-cysteinyl-D-valine; L-delta-(alpha-Aminoadipoyl)-L-cysteinyl-D-valine; ACV|
cpd:C05665|3-Aminopropanal; beta-Aminopropion aldehyde|
cpd:C05668|3-Hydroxypropionyl-CoA; 3-Hydroxypropionyl coenzyme A; 3-Hydroxypropanoyl-CoA; 3-Hydroxypropanoyl coenzymeA; beta-Hydroxypropionyl-CoA|
cpd:C05688|L-Selenocysteine|
cpd:C05726|S-Substituted L-cysteine; R-S-Cysteine; L-Cysteine S-conjugate|
cpd:C05727|S-Substituted N-acetyl-L-cysteine; Mercapturic acid; N-Acetyl-L-cysteine S-conjugate|
cpd:C05729|R-S-Cysteinylglycine; [L-Cysteinylglycine]-S-conjugate|
cpd:C05730|Glutathionylspermidine; N1-(gamma-L-Glutamyl-L-cysteinyl-glycyl)-spermidine|
cpd:C05744|Acetoacetyl-[acp]; Acetoacetyl-[acyl-carrier protein]|
cpd:C05745|Butyryl-[acp]; Butyryl-[acyl-carrier protein]; Butanoyl-[acp]|
cpd:C05746|3-Oxohexanoyl-[acp]; 3-Oxohexanoyl-[acyl-carrier protein]|
cpd:C05749|Hexanoyl-[acp]; Hexanoyl-[acyl-carrier protein]|
cpd:C05750|3-Oxooctanoyl-[acp]; 3-Oxooctanoyl-[acyl-carrier protein]|
cpd:C05752|Octanoyl-[acp]; Octanoyl-[acyl-carrier protein]|
cpd:C05753|3-Oxodecanoyl-[acp]; 3-Oxodecanoyl-[acyl-carrier protein]|
cpd:C05755|Decanoyl-[acp]; Decanoyl-[acyl-carrier protein]|
cpd:C05756|3-Oxododecanoyl-[acp]; 3-Oxododecanoyl-[acyl-carrier protein]|
cpd:C05759|3-Oxotetradecanoyl-[acp]; 3-Oxotetradecanoyl-[acyl-carrier protein]|
cpd:C05761|Tetradecanoyl-[acp]; Tetradecanoyl-[acyl-carrier protein]; Myristoyl-[acyl-carrier protein]|
cpd:C05762|3-Oxohexadecanoyl-[acp]; 3-Oxohexadecanoyl-[acyl-carrier protein]|
cpd:C05764|Hexadecanoyl-[acp]; Hexadecanoyl-[acyl-carrier protein]; Palmitoyl-[acyl-carrier protein]|
cpd:C05770|Coproporphyrin III|
cpd:C05775|alpha-Ribazole; N1-(alpha-D-Ribosyl)-5,6-dimethylbenzimidazole|
cpd:C05824|S-Sulfo-L-cysteine|
cpd:C05847|all-trans-Polyprenyl diphosphate; Polyisopentenylpyrophosphate; Polyisopentenyldiphosphate; trans-Polyisopentenyldiphosphate; Polyprenyl diphosphate|
cpd:C05892|UDP-N-acetylmuramoyl-L-alanyl-gamma-D-glutamyl-L-lysine; UDP-N-acetylmuramoyl-L-alanyl-D-glutamyl-L-lysine; UDP-N-acetyl-alpha-D-muramoyl-L-alanyl-gamma-D-glutamyl-L-lysine|
cpd:C05897|Undecaprenyl-diphospho-N-acetylmuramoyl-L-alanyl-D-glutamyl-meso-2,6-diaminopimeloyl-D-alanyl-D-alanine|
cpd:C05933|N(omega)-Hydroxyarginine; N(omega)-Hydroxy-L-arginine|
cpd:C05946|(4R)-4-Hydroxy-2-oxoglutarate; (R)-2-Hydroxy-4-oxopentanedioate; D-4-Hydroxy-2-oxoglutarate|
cpd:C05980|Cardiolipin; Diphosphatidylglycerol; 1',3'-Bis(1,2-diacyl-sn-glycero-3-phospho)-sn-glycerol|
cpd:C06001|(S)-3-Hydroxyisobutyrate|
cpd:C06002|(S)-Methylmalonate semialdehyde|
cpd:C06006|(S)-2-Aceto-2-hydroxybutanoate; (S)-2-Hydroxy-2-ethyl-3-oxobutanoate|
cpd:C06027|L-erythro-3-Methylmalyl-CoA; beta-Methylmalyl-CoA; (2R,3S)-2-Methylmalyl-CoA; L-erythro-beta-Methylmalyl-CoA; (2R,3S)-2-Methyl-3-carboxy-3-hydroxypropanoyl-CoA|
cpd:C06028|2-Methylfumaryl-CoA; Mesaconyl-CoA; Mesaconyl-C1-CoA; (E)-3-Carboxy-2-methylprop-2-enoyl-CoA|
cpd:C06033|Parapyruvate; 4-Hydroxy-4-methyl-2-oxoglutarate|
cpd:C06038|Acyl1-monogalactosyl-diacylglycerol; Acylmono-beta-D-galactosyldiacylglycerol; acyl1-&gt;6Gal-beta1-&gt;3acyl2Gro; acyl1-&gt;6Galbeta1-&gt;3acyl2Gro; 1,2-Diacyl-3-O-(acyl(1-&gt;6)-O-beta-D-galactosyl)-sn-glycerol|
cpd:C06049|N-Formylderivatives|x
cpd:C06098|Zeaxanthin; (3R,3'R)-beta,beta-Carotene-3,3'-diol|
cpd:C06160|(S)-Norcoclaurine; 6,7-Dihydroxy-(1S)-[(4-hydroxyphenyl)methyl]-1,2,3,4-tetrahydroisoquinoline|
cpd:C06161|(S)-Coclaurine; Coclaurine; (S)-1,2,3,4-Tetrahydro-1-[(4-hydroxyphenyl)methyl]-6-methoxy-7-isoquinolinol; 1-(p-Hydroxybenzyl)-6-methoxy-7-hydroxy-1,2,3,4-tetrahydroisoquinoline|
cpd:C06174|Codeine; (5alpha,6alpha)-7,8-Didehydro-4,5-epoxy-3-methoxy-17-methylmorphinan-6-ol|
cpd:C06215|Levan; (2,6-beta-D-Fructosyl)n; Levan n; 2,6-beta-D-Fructan; (2,6-beta-D-Fructosyl)n+1|
cpd:C06441|L-Xylulose 1-phosphate|
cpd:C06481|L-Seryl-tRNA(Sec)|
cpd:C06482|L-Selenocysteinyl-tRNA(Sec)|
cpd:C06507|Adenosyl cobyrinate hexaamide; Adenosylcobyric acid|
cpd:C06508|Adenosyl cobinamide; Adenosylcobinamide|
cpd:C06509|Adenosyl cobinamide phosphate; Adenosylcobinamide phosphate|
cpd:C06510|Adenosine-GDP-cobinamide; Adenosylcobinamide-GDP|
cpd:C06512|2'-Norberbamunine|
cpd:C06587|2-Hydroxy-6-oxo-6-(4'-chlorophenyl)-hexa-2,4-dienoate|
cpd:C06604|Parathion; O,O-Diethyl O-p-nitrophenyl phosphorothioate; Thiophos; DNTP|
cpd:C06606|Paraoxon; O,O-Diethyl-O-p-nitrophenylphosphoric acid|
cpd:C06607|Diethylthiophosphoric acid; DETP|
cpd:C06608|Diethylphosphoric acid; O,O-Diethylphosphoric acid|
cpd:C06655|L-N2-(2-Carboxyethyl)arginine; N2-(2-Carboxyethyl)-L-arginine|
cpd:C06735|Aminoacetaldehyde; 2-Aminoacetaldehyde|
cpd:C06762|4-Hydroxy-2-oxohexanoic acid; 4-Hydroxy-2-oxohexanoate|
cpd:C06868|Carbamazepine|
cpd:C06893|2-Deoxy-5-keto-D-gluconic acid 6-phosphate; 6-Phospho-5-dehydro-2-deoxy-D-gluconate; DKHP|
cpd:C07044|Hydroxyurea; Hydroxycarbamide|
cpd:C07054|Isoniazid|
cpd:C07073|Lidocaine|
cpd:C07087|2-Hydroxy-6-oxoocta-2,4,7-trienoate|
cpd:C07108|Tamoxifen|
cpd:C07118|Benzoylacetyl-CoA; Benzoylacetyl coenzyme A|
cpd:C07304|Deacetylisoipecoside|
cpd:C07307|Deacetylipecoside|
cpd:C07330|3-Methyl-2-butenal; 3-Methylbut-2-enal; 3,3-Dimethyl-acrylaldehyde; Senecialdehyde; Prenal|
cpd:C07446|Isonicotinic acid|
cpd:C07447|Acetylhydrazine|
cpd:C07496|Carbamazepine-10,11-epoxide; Carbamazepine epoxide|
cpd:C07535|Benzo[a]pyrene; Benzpyrene|
cpd:C07572|Citalopram|
cpd:C07585|N-Acetylisoniazid; (N)1-Acetylisoniazid|
cpd:C07648|Thioguanine|
cpd:C07649|5-FU; Fluorouracil; 5-Fluorouracil|
cpd:C08062|2-Hydroxy-6-oxo-(2'-aminophenyl)-hexa-2,4-dienoate|
cpd:C09306|Sulfur dioxide|x
cpd:C09816|Benzylsuccinate; (R)-2-Benzylsuccinate|
cpd:C09817|Benzylsuccinyl-CoA; (R)-2-Benzylsuccinyl-CoA|
cpd:C11173|SN-38|
cpd:C11354|2-Hydroxy-cis-hex-2,4-dienoate|
cpd:C11437|1-Deoxy-D-xylulose 5-phosphate|
cpd:C11481|HSO3-; Hydrogen sulfite; Bisulfite|x
cpd:C11537|(2R)-3-Sulfolactate; (R)-3-Sulfolactate|
cpd:C11632|Polyneuridine aldehyde|
cpd:C11633|16-Epivellosimine|
cpd:C11736|5-Fluorodeoxyuridine; Floxuridine|
cpd:C12211|UDP-kanosamine; UDP-D-kanosamine; UDP-alpha-D-kanosamine|
cpd:C12323|L-4-Hydroxyphenylglycine|
cpd:C12441|18-Carbamoyl-3,5,7,9,11,13,15,17-octaoxooctadecanoyl-[acp]|
cpd:C12458|3-Dimethylallyl-4-hydroxybenzoate|
cpd:C12468|3-Amino-4,7-dihydroxycoumarin|
cpd:C12474|Novobiocic acid|
cpd:C12475|Demethyldecarbamoylnovobiocin|
cpd:C12481|dTDP-5-dimethyl-L-lyxose; dTDP-4-O-demethyl-beta-L-noviose|
cpd:C12624|2-Hydroxy-6-ketononatrienedioate; (2Z,4E,7E)-2-Hydroxy-6-oxonona-2,4,7-triene-1,9-dioate|
cpd:C12650|Capecitabine; (1-(5-Deoxy-beta-D-ribofuranosyl)-5-fluoro-1,2-dihydro-2-oxo-4-pyrimidinyl)-carbamic acid pentyl ester|
cpd:C12739|5'-Deoxy-5-fluorouridine; Doxifluridine|
cpd:C13309|2-Phytyl-1,4-naphthoquinone; Demethylphylloquinone|
cpd:C14144|5-Carboxy-2-pentenoyl-CoA; 2,3-Didehydroadipyl-CoA|
cpd:C14786|(1R,2S)-Naphthalene 1,2-oxide; (1R,2S)-Naphthalene epoxide|
cpd:C14787|(1S,2R)-Naphthalene 1,2-oxide; (1S,2R)-Naphthalene epoxide|
cpd:C14818|Fe2+; Fe(II); Ferrous ion; Iron(2+)|x
cpd:C14849|Benzo[a]pyrene-9,10-oxide; Benzo[a]pyrene-9,10-epoxide|
cpd:C14850|Benzo[a]pyrene-7,8-oxide; Benzo[a]pyrene-7,8-epoxide|
cpd:C14851|Benzo[a]pyrene-4,5-oxide; Benzo[a]pyrene-4,5-epoxide|
cpd:C15522|4a-Hydroxytetrahydrobiopterin; 4a-Hydroxy-5,6,4,8-tetrahydrobiopterin; (6R)-6-(L-erythro-1,2-Dihydroxypropyl)-5,6,7,8-tetrahydro-4a-hydroxypterin; 6-[(1R,2S)-1,2-Dihydroxypropyl]-5,6,7,8-tetrahydro-4a-hydroxypterin|
cpd:C15532|N-Acetyl-L-citrulline|
cpd:C15545|cis-Zeatin; (Z)-2-Methyl-4-(1H-purin-6-ylamino)but-2-en-1-ol|
cpd:C15546|O-beta-D-Glucopyranosyl-cis-zeatin; cis-Zeatin-O-glucoside|
cpd:C15556|L-3,4-Dihydroxybutan-2-one 4-phosphate; 1-Deoxy-L-glycero-tetrulose 4-phosphate; 2-Hydroxy-3-oxobutyl phosphate|
cpd:C15607|3-Oxo-3-ureidopropanoate; Malonuric acid|
cpd:C15809|Iminoglycine; Iminoacetic acid; 2-Iminoacetate|
cpd:C15811|[Enzyme]-cysteine|
cpd:C15812|[Enzyme]-S-sulfanylcysteine|
cpd:C15813|Adenylyl-[sulfur-carrier protein]; [Sulfur-carrier protein]-Gly-Gly-AMP|
cpd:C15814|Thiocarboxy-[sulfur-carrier protein]; [Sulfur-carrier protein]-Gly-NH-CH2-C(O)SH|
cpd:C15882|2-Methyl-6-phytylquinol; 2-Methyl-6-phytyl-1,4-hydroquinone; 2-Methyl-6-phytylbenzene-1,4-diol; 2-Methyl-6-phytyl-1,4-benzoquinol|
cpd:C15972|Enzyme N6-(lipoyl)lysine; Lipoamide-E; [E2 protein]-N6-lipoyl-L-lysine; [Lipoyl-carrier protein E2]-N6-lipoyl-L-lysine|
cpd:C15973|Enzyme N6-(dihydrolipoyl)lysine; Dihydrolipoamide-E; [E2 protein]-N6-[(R)-dihydrolipoyl]-L-lysine; [Lipoyl-carrier protein E2]-N6-[(R)-dihydrolipoyl]-L-lysine|
cpd:C15974|3-Methyl-1-hydroxybutyl-ThPP; 3-Methyl-1-hydroxybutyl-TPP|
cpd:C15975|[Dihydrolipoyllysine-residue (2-methylpropanoyl)transferase] S-(3-methylbutanoyl)dihydrolipoyllysine; S-(3-Methylbutanoyl)-dihydrolipoamide-E|
cpd:C15976|2-Methyl-1-hydroxypropyl-ThPP; 2-Methyl-1-hydroxypropyl-TPP|
cpd:C15977|[Dihydrolipoyllysine-residue (2-methylpropanoyl)transferase] S-(2-methylpropanoyl)dihydrolipoyllysine; S-(2-Methylpropanoyl)-dihydrolipoamide-E; S-(2-Methylpropionyl)-dihydrolipoamide-E; Enzyme N6-(S-[2-methylpropanoyl]dihydrolipoyl)lysine|
cpd:C15978|2-Methyl-1-hydroxybutyl-ThPP; 2-Methyl-1-hydroxybutyl-TPP|
cpd:C15979|[Dihydrolipoyllysine-residue (2-methylpropanoyl)transferase] S-(2-methylbutanoyl)dihydrolipoyllysine; S-(2-Methylbutanoyl)-dihydrolipoamide-E|
cpd:C15980|(S)-2-Methylbutanoyl-CoA|
cpd:C15986|2,6-Dihydroxypseudooxynicotine; 1-(2,6-Dihydroxypyridin-3-yl)-4-(methylamino)butan-1-one|
cpd:C15987|4-Methylaminobutyrate; gamma-N-Methylaminobutyrate|
cpd:C16219|3-Oxostearoyl-[acp]; 3-Oxooctadecanoyl-[acp]; beta-Ketostearoyl-[acp]; 3-Ketostearoyl-[acp]|
cpd:C16254|[Dihydrolipoyllysine-residue succinyltransferase] S-succinyldihydrolipoyllysine; S-Succinyldihydrolipoamide-E; Enzyme N6-(S-succinyldihydrolipoyl)lysine|
cpd:C16255|[Dihydrolipoyllysine-residue acetyltransferase] S-acetyldihydrolipoyllysine; S-Acetyldihydrolipoamide-E; Enzyme N6-(S-acetyldihydrolipoyl)lysine|
cpd:C16269|(+)-epi-Isozizaene|
cpd:C16424|Isopentenyladenosine-5'-triphosphate; Isopentenyl-ATP; N6-(Dimethylallyl)adenosine 5'-triphosphate|
cpd:C16426|Isopentenyladenosine-5'-diphosphate; Isopentenyl-ADP; N6-(Dimethylallyl)adenosine 5'-diphosphate|
cpd:C16545|Tamoxifen N-oxide|
cpd:C16560|3-Hydroxylidocaine|
cpd:C16561|Monoethylglycinexylidide|
cpd:C16562|Glutathionylspermine|
cpd:C16565|Aminopropylcadaverine|
cpd:C16566|Glutathionylaminopropylcadaverine|
cpd:C16578|Morphine-6-glucuronide|
cpd:C16607|Citalopram N-oxide|
cpd:C16608|Demethylcitalopram|
cpd:C16612|Citalopram aldehyde|
cpd:C16613|6-Thiourate; 6-Thiouric acid|
cpd:C16614|6-Methylmercaptopurine; Thiopurine S-methylether|
cpd:C16619|6-Thioguanosine monophosphate|
cpd:C16630|5,6-Dihydro-5-fluorouracil; 5-Fluorodihydrouracil|
cpd:C16633|5-Fluorouridine|
cpd:C16634|5-Fluorouridine monophosphate|
cpd:C16635|5'-Deoxy-5-fluorocytidine|
cpd:C16638|O-Phosphoseryl-tRNA(Sec)|
cpd:C16641|Irinotecan|
cpd:C16643|Morphine-3-glucuronide|
cpd:C16688|Sucrose 6-phosphate; 6-Phosphosucrose; 6-O-Phosphonosucrose; beta-D-Fructofuranosyl-6-O-phosphono-alpha-D-glucopyranoside|
cpd:C16826|2-cis,6-trans-Farnesyl diphosphate; (2Z,6E)-Farnesyl diphosphate|
cpd:C16848|6-Deoxy-5-ketofructose 1-phosphate; 1-Deoxy-D-threo-hexo-2,5-diulose 6-phosphate|
cpd:C16850|2-Amino-3,7-dideoxy-D-threo-hept-6-ulosonic acid|
cpd:C17366|(2S,5S)-trans-Carboxymethylproline; (2S,5S)-5-Carboxymethylproline|
cpd:C17556|di-trans,poly-cis-Undecaprenyl phosphate; Undecaprenyl phosphate; ditrans,octacis-Undecaprenyl phosphate|
cpd:C17570|2-Methyl-6-solanyl-1,4-benzoquinol; 2-Methyl-6-nonaprenyl-benzene-1,4-diol; 2-Methyl-6-all-trans-nonaprenylbenzene-1,4-diol; 2-Methyl-6-solanesylbenzene-1,4-diol; MSBQ|
cpd:C17582|2'-N-Acetylparomamine|
cpd:C17587|2'''-N-Acetyl-6'''-deamino-6'''-hydroxyneomycin C|
cpd:C17953|(5S)-Albaflavenol|
cpd:C17954|Albaflavenone|
cpd:C17955|(5R)-Albaflavenol|
cpd:C18005|gamma-L-Glutamyl-butirosin B|
cpd:C18006|gamma-L-Glutamyl-[acp]; gamma-L-Glutamyl-[acyl carrier protein]; gamma-L-Glutamyl-ACP|
cpd:C18009|4-(gamma-L-Glutamylamino)-(2S)-2-hydroxybutanoyl-[acp]; gamma-L-Glutamyl-4-amino-2-hydroxybutyryl-[acp]; gamma-L-Glutamyl-4-amino-2-hydroxybutyryl-[acyl carrier protein]; gamma-L-Glutamyl-4-amino-2-hydroxybutyryl-ACP|
cpd:C18049|N-Acyl-L-homoserine lactone|
cpd:C18131|Geranyl-hydroxybenzoate|
cpd:C18172|Carboxyspermidine; 2-Amino-4-[(4-aminobutyl)amino]-butanoic acid|
cpd:C18174|Carboxynorspermidine|
cpd:C18217|16-Feruloyloxypalmitate; 16-Feruloyloxypalmitic acid|
cpd:C18218|16-Hydroxypalmitate; 16-Hydroxypalmitic acid|
cpd:C18325|Feruloylagmatine|
cpd:C18911|(R)-4-Phosphopantoate|
cpd:C19631|6-Hydroxy-3-succinoylpyridine; 4-(6-Hydroxypyridin-3-yl)-4-oxobutanoate|
cpd:C19673|Malonyl-[acp] methyl ester; Malonyl-[acyl-carrier protein] methyl ester|
cpd:C19692|Polysulfide; (Sulfide)n; Polysulfane|
cpd:C19731|(3S)-3-Hydroxycyclocitral; 3beta-Hydroxy-beta-cyclocitral; (4R)-4-Hydroxy-2,6,6-trimethylcyclohex-1-en-1-carboxaldehyde|
cpd:C19760|(2Z,6Z)-Farnesyl diphosphate|
cpd:C19794|CDP-1L-myo-inositol|
cpd:C19799|Bis(1L-myo-inositol)-3,1'-phosphate 1-phosphate|
cpd:C19847|Demethylmenaquinol|
cpd:C19945|3-Oxo-5,6-dehydrosuberyl-CoA; 3-Oxo-5,6-didehydrosuberoyl-CoA|
cpd:C20199|3-[(3aS,4S,7aS)-7a-Methyl-1,5-dioxo-octahydro-1H-inden-4-yl]propanoate; 9,17-Dioxo-1,2,3,4,10,19-hexanorandrostan-5-oic acid; DOHNAA; HIP|
cpd:C20231|(Z)-3-Ureidoacrylate peracid; Ureidoperacrylic acid|
cpd:C20237|alpha-Maltose 1-phosphate|
cpd:C20246|2-[(2R,5Z)-2-Carboxy-4-methylthiazol-5(2H)-ylidene]ethyl phosphate; cThz*-P|
cpd:C20247|2-(2-Carboxy-4-methylthiazol-5-yl)ethyl phosphate; 4-Methyl-5-[2-(phosphonooxy)ethyl]-1,3-thiazole-2-carboxylate; cThz-P|
cpd:C20249|(Z)-3-Peroxyaminoacrylate|
cpd:C20253|Aminoacrylate; (Z)-3-Aminoacrylate|
cpd:C20254|Ureidoacrylate; (Z)-3-Ureidoacrylate|
cpd:C20258|(2S,4S)-4-Hydroxy-2,3,4,5-tetrahydrodipicolinate; (2S,4S)-4-Hydroxy-2,3,4,5-tetrahydropyridine-2,6-dicarboxylate; HTPA|
cpd:C20350|2'-Deamino-2'-hydroxyneamine|
cpd:C20353|2'-Deamino-2'-hydroxyparomamine|
cpd:C20372|3-Ketoglutaryl-[acp] methyl ester; 3-Ketoglutaryl-[acyl-carrier protein] methyl ester|
cpd:C20375|Glutaryl-[acp] methyl ester; Glutaryl-[acyl-carrier protein] methyl ester|
cpd:C20376|3-Ketopimeloyl-[acp] methyl ester; 3-Ketopimeloyl-[acyl-carrier protein] methyl ester|
cpd:C20423|alpha-D-Ribose 1-methylphosphonate 5-phosphate|
cpd:C20440|alpha-D-Ribose 1,2-cyclic phosphate 5-phosphate; 5-Phospho-alpha-D-ribose 1,2-cyclic phosphate|
cpd:C20559|4-(beta-D-Ribofuranosyl)aniline 5'-phosphate|
cpd:C20562|N-[(7,8-Dihydropterin-6-yl)methyl]-4-(beta-D-ribofuranosyl)aniline 5'-phosphate|
cpd:C20614|Kanamycin X|
cpd:C20629|8-Demethylnovobiocic acid|
cpd:C20639|O-Ureido-L-serine; (2S)-2-Amino-3-[(carbamoylamino)oxy]propanoate; (2S)-2-Amino-3-(carbamoylamino)oxypropanoic acid|
cpd:C20666|5-Oxo-delta-bilirubin; delta-Staphylobilin|
cpd:C20683|Long-chain acyl-[acyl-carrier protein]|
cpd:C20737|6-Geranylgeranyl-2-methylbenzene-1,4-diol|
cpd:C20784|ADP-5-ethyl-4-methylthiazole-2-carboxylate; Adenosine diphospho-5-beta-ethyl-4-methylthiazole-2-carboxylic acid|
cpd:C20846|3-Oxo-3-ureidoisobutyrate|
cpd:C20854|Monacolin J acid; (3R,5R)-7-[(1S,2S,6R,8S,8aR)-8-Hydroxy-2,6-dimethyl-1,2,6,7,8,8a-hexahydronaphthalen-1-yl]-3,5-dihydroxyheptanoic acid|
cpd:C20876|Very-long-chain acyl-CoA|
cpd:C20877|Very-long-chain 3-oxoacyl-CoA|
cpd:C20879|Very-long-chain trans-2,3-dehydroacyl-CoA|
cpd:C20894|beta-Citraurin; 3-Hydroxy-beta-apo-8'-carotenal; 3beta-Hydroxy-8'-apo-beta-carotenal|
cpd:C21017|2-(alpha-Hydroxypropyl)thiamine diphosphate; 2-Hydroxypropyl-ThPP|
cpd:C21018|Enzyme N6-(S-propyldihydrolipoyl)lysine; S-Propyldihydrolipoamide-E|
cpd:C21107|4-(beta-D-Ribofuranosyl)phenol 5'-phosphate|
cpd:C21129|(S)-2-Methylbutanoyl-[acp]; (S)-2-Methylbutanoyl-[acyl-carrier protein]|
cpd:C21130|Lovastatin acid; Mevinolinic acid|
cpd:C21216|Validamine 7-phosphate|
cpd:C21219|Validoxylamine A 7'-phosphate|
cpd:C21284|Fe-coproporphyrin III; Coproheme III|
cpd:C21368|GDP-valienol|
cpd:C21430|Malonamoyl-[acyl-carrier protein]; Malonamoyl-[acp]|
cpd:C21453|2-Aminobenzoylacetate|
cpd:C21489|S-Octanoyl-L-cysteinyl-protein|
cpd:C21490|1-(2-Aminophenyl)decane-1,3-dione|
cpd:C21723|Biliverdin-IX-delta|
cpd:C21724|Biliverdin-IX-beta|
cpd:C21754|Isonicotinoyl radical|
cpd:C21804|8-Carboxy-8-demethylriboflavin 5'-phosphate; 8-Demethyl-8-carboxyriboflavin 5'-phosphate|
cpd:C21805|8-Amino-8-demethylriboflavin 5'-phosphate; 8-Demethyl-8-aminoriboflavin 5'-phosphate|
cpd:C22039|2-Carboxy-1,4-naphthoquinone; 1,4-Dioxo-2-naphthoic acid|
